<?xml version="1.0" encoding="UTF-8"?>
<!DOCTYPE mapper
PUBLIC "-//mybatis.org//DTD Mapper 3.0//EN"
"http://mybatis.org/dtd/mybats-3-mapper.dtd">

<mapper namespace="kr.co.kurly.dao.MemberDao">

	<insert id="member_ok" parameterType="kr.co.kurly.dto.MemberDto">
		insert into member 
		(userid,pwd,name,email,phone,zip,juso,juso_etc,sung,birth,writeday)
		values
		(#{userid},#{pwd},#{name},#{email},#{phone},#{zip},
		#{juso},#{juso_etc},#{sung},#{birth},now())
	</insert>
	
	<select id="id_chk" resultType="Integer">
		select count(*) from member where userid = #{param}
	</select>
	
	<select id="email_chk" resultType="Integer">
		select count(*) from member where email = #{param}
	</select>
	
	<select id="get_member" resultType="kr.co.kurly.dto.MemberDto">
		select userid,name from member where userid=#{param1} and pwd=#{param2}
	</select>
	
	<select id="get_userid" resultType="String">
		select userid from member where name=#{param1} and email=#{param2}
	</select>
	
	<select id="get_pwd" resultType="String">
		select pwd from member where name=#{param1} and userid=#{param2} and email=#{param3}
	</select>
</mapper>